COUNTRY,CONTINENT,YEAR,POP
Algeria,Africa,1952,9279525.0
Algeria,Africa,1957,10270856.0
Algeria,Africa,1962,11000948.0
Algeria,Africa,1967,12760499.0
Algeria,Africa,1972,14760787.0
Algeria,Africa,1977,17152804.0
Algeria,Africa,1982,20033753.0
Algeria,Africa,1987,23254956.0
Algeria,Africa,1992,26298373.0
Algeria,Africa,1997,29072015.0
Algeria,Africa,2002,31287142.0
Algeria,Africa,2007,33333216.0
Angola,Africa,1952,4232095.0
Angola,Africa,1957,4561361.0
Angola,Africa,1962,4826015.0
Angola,Africa,1967,5247469.0
Angola,Africa,1972,5894858.0
Angola,Africa,1977,6162675.0
Angola,Africa,1982,7016384.0
Angola,Africa,1987,7874230.0
Angola,Africa,1992,8735988.0
Angola,Africa,1997,9875024.0
Angola,Africa,2002,10866106.0
Angola,Africa,2007,12420476.0
Benin,Africa,1952,1738315.0
Benin,Africa,1957,1925173.0
Benin,Africa,1962,2151895.0
Benin,Africa,1967,2427334.0
Benin,Africa,1972,2761407.0
Benin,Africa,1977,3168267.0
Benin,Africa,1982,3641603.0
Benin,Africa,1987,4243788.0
Benin,Africa,1992,4981671.0
Benin,Africa,1997,6066080.0
Benin,Africa,2002,7026113.0
Benin,Africa,2007,8078314.0
Botswana,Africa,1952,442308.0
Botswana,Africa,1957,474639.0
Botswana,Africa,1962,512764.0
Botswana,Africa,1967,553541.0
Botswana,Africa,1972,619351.0
Botswana,Africa,1977,781472.0
Botswana,Africa,1982,970347.0
Botswana,Africa,1987,1151184.0
Botswana,Africa,1992,1342614.0
Botswana,Africa,1997,1536536.0
Botswana,Africa,2002,1630347.0
Botswana,Africa,2007,1639131.0
Burkina Faso,Africa,1952,4469979.0
Burkina Faso,Africa,1957,4713416.0
Burkina Faso,Africa,1962,4919632.0
Burkina Faso,Africa,1967,5127935.0
Burkina Faso,Africa,1972,5433886.0
Burkina Faso,Africa,1977,5889574.0
Burkina Faso,Africa,1982,6634596.0
Burkina Faso,Africa,1987,7586551.0
Burkina Faso,Africa,1992,8878303.0
Burkina Faso,Africa,1997,10352843.0
Burkina Faso,Africa,2002,12251209.0
Burkina Faso,Africa,2007,14326203.0
Burundi,Africa,1952,2445618.0
Burundi,Africa,1957,2667518.0
Burundi,Africa,1962,2961915.0
Burundi,Africa,1967,3330989.0
Burundi,Africa,1972,3529983.0
Burundi,Africa,1977,3834415.0
Burundi,Africa,1982,4580410.0
Burundi,Africa,1987,5126023.0
Burundi,Africa,1992,5809236.0
Burundi,Africa,1997,6121610.0
Burundi,Africa,2002,7021078.0
Burundi,Africa,2007,8390505.0
Cameroon,Africa,1952,5009067.0
Cameroon,Africa,1957,5359923.0
Cameroon,Africa,1962,5793633.0
Cameroon,Africa,1967,6335506.0
Cameroon,Africa,1972,7021028.0
Cameroon,Africa,1977,7959865.0
Cameroon,Africa,1982,9250831.0
Cameroon,Africa,1987,10780667.0
Cameroon,Africa,1992,12467171.0
Cameroon,Africa,1997,14195809.0
Cameroon,Africa,2002,15929988.0
Cameroon,Africa,2007,17696293.0
Central African Republic,Africa,1952,1291695.0
Central African Republic,Africa,1957,1392284.0
Central African Republic,Africa,1962,1523478.0
Central African Republic,Africa,1967,1733638.0
Central African Republic,Africa,1972,1927260.0
Central African Republic,Africa,1977,2167533.0
Central African Republic,Africa,1982,2476971.0
Central African Republic,Africa,1987,2840009.0
Central African Republic,Africa,1992,3265124.0
Central African Republic,Africa,1997,3696513.0
Central African Republic,Africa,2002,4048013.0
Central African Republic,Africa,2007,4369038.0
Chad,Africa,1952,2682462.0
Chad,Africa,1957,2894855.0
Chad,Africa,1962,3150417.0
Chad,Africa,1967,3495967.0
Chad,Africa,1972,3899068.0
Chad,Africa,1977,4388260.0
Chad,Africa,1982,4875118.0
Chad,Africa,1987,5498955.0
Chad,Africa,1992,6429417.0
Chad,Africa,1997,7562011.0
Chad,Africa,2002,8835739.0
Chad,Africa,2007,10238807.0
Comoros,Africa,1952,153936.0
Comoros,Africa,1957,170928.0
Comoros,Africa,1962,191689.0
Comoros,Africa,1967,217378.0
Comoros,Africa,1972,250027.0
Comoros,Africa,1977,304739.0
Comoros,Africa,1982,348643.0
Comoros,Africa,1987,395114.0
Comoros,Africa,1992,454429.0
Comoros,Africa,1997,527982.0
Comoros,Africa,2002,614382.0
Comoros,Africa,2007,710960.0
Congo Dem. Rep.,Africa,1952,14100005.0
Congo Dem. Rep.,Africa,1957,15577932.0
Congo Dem. Rep.,Africa,1962,17486434.0
Congo Dem. Rep.,Africa,1967,19941073.0
Congo Dem. Rep.,Africa,1972,23007669.0
Congo Dem. Rep.,Africa,1977,26480870.0
Congo Dem. Rep.,Africa,1982,30646495.0
Congo Dem. Rep.,Africa,1987,35481645.0
Congo Dem. Rep.,Africa,1992,41672143.0
Congo Dem. Rep.,Africa,1997,47798986.0
Congo Dem. Rep.,Africa,2002,55379852.0
Congo Dem. Rep.,Africa,2007,64606759.0
Congo Rep.,Africa,1952,854885.0
Congo Rep.,Africa,1957,940458.0
Congo Rep.,Africa,1962,1047924.0
Congo Rep.,Africa,1967,1179760.0
Congo Rep.,Africa,1972,1340458.0
Congo Rep.,Africa,1977,1536769.0
Congo Rep.,Africa,1982,1774735.0
Congo Rep.,Africa,1987,2064095.0
Congo Rep.,Africa,1992,2409073.0
Congo Rep.,Africa,1997,2800947.0
Congo Rep.,Africa,2002,3328795.0
Congo Rep.,Africa,2007,3800610.0
Cote d'Ivoire,Africa,1952,2977019.0
Cote d'Ivoire,Africa,1957,3300000.0
Cote d'Ivoire,Africa,1962,3832408.0
Cote d'Ivoire,Africa,1967,4744870.0
Cote d'Ivoire,Africa,1972,6071696.0
Cote d'Ivoire,Africa,1977,7459574.0
Cote d'Ivoire,Africa,1982,9025951.0
Cote d'Ivoire,Africa,1987,10761098.0
Cote d'Ivoire,Africa,1992,12772596.0
Cote d'Ivoire,Africa,1997,14625967.0
Cote d'Ivoire,Africa,2002,16252726.0
Cote d'Ivoire,Africa,2007,18013409.0
Djibouti,Africa,1952,63149.0
Djibouti,Africa,1957,71851.0
Djibouti,Africa,1962,89898.0
Djibouti,Africa,1967,127617.0
Djibouti,Africa,1972,178848.0
Djibouti,Africa,1977,228694.0
Djibouti,Africa,1982,305991.0
Djibouti,Africa,1987,311025.0
Djibouti,Africa,1992,384156.0
Djibouti,Africa,1997,417908.0
Djibouti,Africa,2002,447416.0
Djibouti,Africa,2007,496374.0
Egypt,Africa,1952,22223309.0
Egypt,Africa,1957,25009741.0
Egypt,Africa,1962,28173309.0
Egypt,Africa,1967,31681188.0
Egypt,Africa,1972,34807417.0
Egypt,Africa,1977,38783863.0
Egypt,Africa,1982,45681811.0
Egypt,Africa,1987,52799062.0
Egypt,Africa,1992,59402198.0
Egypt,Africa,1997,66134291.0
Egypt,Africa,2002,73312559.0
Egypt,Africa,2007,80264543.0
Equatorial Guinea,Africa,1952,216964.0
Equatorial Guinea,Africa,1957,232922.0
Equatorial Guinea,Africa,1962,249220.0
Equatorial Guinea,Africa,1967,259864.0
Equatorial Guinea,Africa,1972,277603.0
Equatorial Guinea,Africa,1977,192675.0
Equatorial Guinea,Africa,1982,285483.0
Equatorial Guinea,Africa,1987,341244.0
Equatorial Guinea,Africa,1992,387838.0
Equatorial Guinea,Africa,1997,439971.0
Equatorial Guinea,Africa,2002,495627.0
Equatorial Guinea,Africa,2007,551201.0
Eritrea,Africa,1952,1438760.0
Eritrea,Africa,1957,1542611.0
Eritrea,Africa,1962,1666618.0
Eritrea,Africa,1967,1820319.0
Eritrea,Africa,1972,2260187.0
Eritrea,Africa,1977,2512642.0
Eritrea,Africa,1982,2637297.0
Eritrea,Africa,1987,2915959.0
Eritrea,Africa,1992,3668440.0
Eritrea,Africa,1997,4058319.0
Eritrea,Africa,2002,4414865.0
Eritrea,Africa,2007,4906585.0
Ethiopia,Africa,1952,20860941.0
Ethiopia,Africa,1957,22815614.0
Ethiopia,Africa,1962,25145372.0
Ethiopia,Africa,1967,27860297.0
Ethiopia,Africa,1972,30770372.0
Ethiopia,Africa,1977,34617799.0
Ethiopia,Africa,1982,38111756.0
Ethiopia,Africa,1987,42999530.0
Ethiopia,Africa,1992,52088559.0
Ethiopia,Africa,1997,59861301.0
Ethiopia,Africa,2002,67946797.0
Ethiopia,Africa,2007,76511887.0
Gabon,Africa,1952,420702.0
Gabon,Africa,1957,434904.0
Gabon,Africa,1962,455661.0
Gabon,Africa,1967,489004.0
Gabon,Africa,1972,537977.0
Gabon,Africa,1977,706367.0
Gabon,Africa,1982,753874.0
Gabon,Africa,1987,880397.0
Gabon,Africa,1992,985739.0
Gabon,Africa,1997,1126189.0
Gabon,Africa,2002,1299304.0
Gabon,Africa,2007,1454867.0
Gambia,Africa,1952,284320.0
Gambia,Africa,1957,323150.0
Gambia,Africa,1962,374020.0
Gambia,Africa,1967,439593.0
Gambia,Africa,1972,517101.0
Gambia,Africa,1977,608274.0
Gambia,Africa,1982,715523.0
Gambia,Africa,1987,848406.0
Gambia,Africa,1992,1025384.0
Gambia,Africa,1997,1235767.0
Gambia,Africa,2002,1457766.0
Gambia,Africa,2007,1688359.0
Ghana,Africa,1952,5581001.0
Ghana,Africa,1957,6391288.0
Ghana,Africa,1962,7355248.0
Ghana,Africa,1967,8490213.0
Ghana,Africa,1972,9354120.0
Ghana,Africa,1977,10538093.0
Ghana,Africa,1982,11400338.0
Ghana,Africa,1987,14168101.0
Ghana,Africa,1992,16278738.0
Ghana,Africa,1997,18418288.0
Ghana,Africa,2002,20550751.0
Ghana,Africa,2007,22873338.0
Guinea,Africa,1952,2664249.0
Guinea,Africa,1957,2876726.0
Guinea,Africa,1962,3140003.0
Guinea,Africa,1967,3451418.0
Guinea,Africa,1972,3811387.0
Guinea,Africa,1977,4227026.0
Guinea,Africa,1982,4710497.0
Guinea,Africa,1987,5650262.0
Guinea,Africa,1992,6990574.0
Guinea,Africa,1997,8048834.0
Guinea,Africa,2002,8807818.0
Guinea,Africa,2007,9947814.0
Guinea-Bissau,Africa,1952,580653.0
Guinea-Bissau,Africa,1957,601095.0
Guinea-Bissau,Africa,1962,627820.0
Guinea-Bissau,Africa,1967,601287.0
Guinea-Bissau,Africa,1972,625361.0
Guinea-Bissau,Africa,1977,745228.0
Guinea-Bissau,Africa,1982,825987.0
Guinea-Bissau,Africa,1987,927524.0
Guinea-Bissau,Africa,1992,1050938.0
Guinea-Bissau,Africa,1997,1193708.0
Guinea-Bissau,Africa,2002,1332459.0
Guinea-Bissau,Africa,2007,1472041.0
Kenya,Africa,1952,6464046.0
Kenya,Africa,1957,7454779.0
Kenya,Africa,1962,8678557.0
Kenya,Africa,1967,10191512.0
Kenya,Africa,1972,12044785.0
Kenya,Africa,1977,14500404.0
Kenya,Africa,1982,17661452.0
Kenya,Africa,1987,21198082.0
Kenya,Africa,1992,25020539.0
Kenya,Africa,1997,28263827.0
Kenya,Africa,2002,31386842.0
Kenya,Africa,2007,35610177.0
Lesotho,Africa,1952,748747.0
Lesotho,Africa,1957,813338.0
Lesotho,Africa,1962,893143.0
Lesotho,Africa,1967,996380.0
Lesotho,Africa,1972,1116779.0
Lesotho,Africa,1977,1251524.0
Lesotho,Africa,1982,1411807.0
Lesotho,Africa,1987,1599200.0
Lesotho,Africa,1992,1803195.0
Lesotho,Africa,1997,1982823.0
Lesotho,Africa,2002,2046772.0
Lesotho,Africa,2007,2012649.0
Liberia,Africa,1952,863308.0
Liberia,Africa,1957,975950.0
Liberia,Africa,1962,1112796.0
Liberia,Africa,1967,1279406.0
Liberia,Africa,1972,1482628.0
Liberia,Africa,1977,1703617.0
Liberia,Africa,1982,1956875.0
Liberia,Africa,1987,2269414.0
Liberia,Africa,1992,1912974.0
Liberia,Africa,1997,2200725.0
Liberia,Africa,2002,2814651.0
Liberia,Africa,2007,3193942.0
Libya,Africa,1952,1019729.0
Libya,Africa,1957,1201578.0
Libya,Africa,1962,1441863.0
Libya,Africa,1967,1759224.0
Libya,Africa,1972,2183877.0
Libya,Africa,1977,2721783.0
Libya,Africa,1982,3344074.0
Libya,Africa,1987,3799845.0
Libya,Africa,1992,4364501.0
Libya,Africa,1997,4759670.0
Libya,Africa,2002,5368585.0
Libya,Africa,2007,6036914.0
Madagascar,Africa,1952,4762912.0
Madagascar,Africa,1957,5181679.0
Madagascar,Africa,1962,5703324.0
Madagascar,Africa,1967,6334556.0
Madagascar,Africa,1972,7082430.0
Madagascar,Africa,1977,8007166.0
Madagascar,Africa,1982,9171477.0
Madagascar,Africa,1987,10568642.0
Madagascar,Africa,1992,12210395.0
Madagascar,Africa,1997,14165114.0
Madagascar,Africa,2002,16473477.0
Madagascar,Africa,2007,19167654.0
Malawi,Africa,1952,2917802.0
Malawi,Africa,1957,3221238.0
Malawi,Africa,1962,3628608.0
Malawi,Africa,1967,4147252.0
Malawi,Africa,1972,4730997.0
Malawi,Africa,1977,5637246.0
Malawi,Africa,1982,6502825.0
Malawi,Africa,1987,7824747.0
Malawi,Africa,1992,10014249.0
Malawi,Africa,1997,10419991.0
Malawi,Africa,2002,11824495.0
Malawi,Africa,2007,13327079.0
Mali,Africa,1952,3838168.0
Mali,Africa,1957,4241884.0
Mali,Africa,1962,4690372.0
Mali,Africa,1967,5212416.0
Mali,Africa,1972,5828158.0
Mali,Africa,1977,6491649.0
Mali,Africa,1982,6998256.0
Mali,Africa,1987,7634008.0
Mali,Africa,1992,8416215.0
Mali,Africa,1997,9384984.0
Mali,Africa,2002,10580176.0
Mali,Africa,2007,12031795.0
Mauritania,Africa,1952,1022556.0
Mauritania,Africa,1957,1076852.0
Mauritania,Africa,1962,1146757.0
Mauritania,Africa,1967,1230542.0
Mauritania,Africa,1972,1332786.0
Mauritania,Africa,1977,1456688.0
Mauritania,Africa,1982,1622136.0
Mauritania,Africa,1987,1841240.0
Mauritania,Africa,1992,2119465.0
Mauritania,Africa,1997,2444741.0
Mauritania,Africa,2002,2828858.0
Mauritania,Africa,2007,3270065.0
Mauritius,Africa,1952,516556.0
Mauritius,Africa,1957,609816.0
Mauritius,Africa,1962,701016.0
Mauritius,Africa,1967,789309.0
Mauritius,Africa,1972,851334.0
Mauritius,Africa,1977,913025.0
Mauritius,Africa,1982,992040.0
Mauritius,Africa,1987,1042663.0
Mauritius,Africa,1992,1096202.0
Mauritius,Africa,1997,1149818.0
Mauritius,Africa,2002,1200206.0
Mauritius,Africa,2007,1250882.0
Morocco,Africa,1952,9939217.0
Morocco,Africa,1957,11406350.0
Morocco,Africa,1962,13056604.0
Morocco,Africa,1967,14770296.0
Morocco,Africa,1972,16660670.0
Morocco,Africa,1977,18396941.0
Morocco,Africa,1982,20198730.0
Morocco,Africa,1987,22987397.0
Morocco,Africa,1992,25798239.0
Morocco,Africa,1997,28529501.0
Morocco,Africa,2002,31167783.0
Morocco,Africa,2007,33757175.0
Mozambique,Africa,1952,6446316.0
Mozambique,Africa,1957,7038035.0
Mozambique,Africa,1962,7788944.0
Mozambique,Africa,1967,8680909.0
Mozambique,Africa,1972,9809596.0
Mozambique,Africa,1977,11127868.0
Mozambique,Africa,1982,12587223.0
Mozambique,Africa,1987,12891952.0
Mozambique,Africa,1992,13160731.0
Mozambique,Africa,1997,16603334.0
Mozambique,Africa,2002,18473780.0
Mozambique,Africa,2007,19951656.0
Namibia,Africa,1952,485831.0
Namibia,Africa,1957,548080.0
Namibia,Africa,1962,621392.0
Namibia,Africa,1967,706640.0
Namibia,Africa,1972,821782.0
Namibia,Africa,1977,977026.0
Namibia,Africa,1982,1099010.0
Namibia,Africa,1987,1278184.0
Namibia,Africa,1992,1554253.0
Namibia,Africa,1997,1774766.0
Namibia,Africa,2002,1972153.0
Namibia,Africa,2007,2055080.0
Niger,Africa,1952,3379468.0
Niger,Africa,1957,3692184.0
Niger,Africa,1962,4076008.0
Niger,Africa,1967,4534062.0
Niger,Africa,1972,5060262.0
Niger,Africa,1977,5682086.0
Niger,Africa,1982,6437188.0
Niger,Africa,1987,7332638.0
Niger,Africa,1992,8392818.0
Niger,Africa,1997,9666252.0
Niger,Africa,2002,11140655.0
Niger,Africa,2007,12894865.0
Nigeria,Africa,1952,33119096.0
Nigeria,Africa,1957,37173340.0
Nigeria,Africa,1962,41871351.0
Nigeria,Africa,1967,47287752.0
Nigeria,Africa,1972,53740085.0
Nigeria,Africa,1977,62209173.0
Nigeria,Africa,1982,73039376.0
Nigeria,Africa,1987,81551520.0
Nigeria,Africa,1992,93364244.0
Nigeria,Africa,1997,106207839.0
Nigeria,Africa,2002,119901274.0
Nigeria,Africa,2007,135031164.0
Reunion,Africa,1952,257700.0
Reunion,Africa,1957,308700.0
Reunion,Africa,1962,358900.0
Reunion,Africa,1967,414024.0
Reunion,Africa,1972,461633.0
Reunion,Africa,1977,492095.0
Reunion,Africa,1982,517810.0
Reunion,Africa,1987,562035.0
Reunion,Africa,1992,622191.0
Reunion,Africa,1997,684810.0
Reunion,Africa,2002,743981.0
Reunion,Africa,2007,798094.0
Rwanda,Africa,1952,2534927.0
Rwanda,Africa,1957,2822082.0
Rwanda,Africa,1962,3051242.0
Rwanda,Africa,1967,3451079.0
Rwanda,Africa,1972,3992121.0
Rwanda,Africa,1977,4657072.0
Rwanda,Africa,1982,5507565.0
Rwanda,Africa,1987,6349365.0
Rwanda,Africa,1992,7290203.0
Rwanda,Africa,1997,7212583.0
Rwanda,Africa,2002,7852401.0
Rwanda,Africa,2007,8860588.0
Sao Tome and Principe,Africa,1952,60011.0
Sao Tome and Principe,Africa,1957,61325.0
Sao Tome and Principe,Africa,1962,65345.0
Sao Tome and Principe,Africa,1967,70787.0
Sao Tome and Principe,Africa,1972,76595.0
Sao Tome and Principe,Africa,1977,86796.0
Sao Tome and Principe,Africa,1982,98593.0
Sao Tome and Principe,Africa,1987,110812.0
Sao Tome and Principe,Africa,1992,125911.0
Sao Tome and Principe,Africa,1997,145608.0
Sao Tome and Principe,Africa,2002,170372.0
Sao Tome and Principe,Africa,2007,199579.0
Senegal,Africa,1952,2755589.0
Senegal,Africa,1957,3054547.0
Senegal,Africa,1962,3430243.0
Senegal,Africa,1967,3965841.0
Senegal,Africa,1972,4588696.0
Senegal,Africa,1977,5260855.0
Senegal,Africa,1982,6147783.0
Senegal,Africa,1987,7171347.0
Senegal,Africa,1992,8307920.0
Senegal,Africa,1997,9535314.0
Senegal,Africa,2002,10870037.0
Senegal,Africa,2007,12267493.0
Sierra Leone,Africa,1952,2143249.0
Sierra Leone,Africa,1957,2295678.0
Sierra Leone,Africa,1962,2467895.0
Sierra Leone,Africa,1967,2662190.0
Sierra Leone,Africa,1972,2879013.0
Sierra Leone,Africa,1977,3140897.0
Sierra Leone,Africa,1982,3464522.0
Sierra Leone,Africa,1987,3868905.0
Sierra Leone,Africa,1992,4260884.0
Sierra Leone,Africa,1997,4578212.0
Sierra Leone,Africa,2002,5359092.0
Sierra Leone,Africa,2007,6144562.0
Somalia,Africa,1952,2526994.0
Somalia,Africa,1957,2780415.0
Somalia,Africa,1962,3080153.0
Somalia,Africa,1967,3428839.0
Somalia,Africa,1972,3840161.0
Somalia,Africa,1977,4353666.0
Somalia,Africa,1982,5828892.0
Somalia,Africa,1987,6921858.0
Somalia,Africa,1992,6099799.0
Somalia,Africa,1997,6633514.0
Somalia,Africa,2002,7753310.0
Somalia,Africa,2007,9118773.0
South Africa,Africa,1952,14264935.0
South Africa,Africa,1957,16151549.0
South Africa,Africa,1962,18356657.0
South Africa,Africa,1967,20997321.0
South Africa,Africa,1972,23935810.0
South Africa,Africa,1977,27129932.0
South Africa,Africa,1982,31140029.0
South Africa,Africa,1987,35933379.0
South Africa,Africa,1992,39964159.0
South Africa,Africa,1997,42835005.0
South Africa,Africa,2002,44433622.0
South Africa,Africa,2007,43997828.0
Sudan,Africa,1952,8504667.0
Sudan,Africa,1957,9753392.0
Sudan,Africa,1962,11183227.0
Sudan,Africa,1967,12716129.0
Sudan,Africa,1972,14597019.0
Sudan,Africa,1977,17104986.0
Sudan,Africa,1982,20367053.0
Sudan,Africa,1987,24725960.0
Sudan,Africa,1992,28227588.0
Sudan,Africa,1997,32160729.0
Sudan,Africa,2002,37090298.0
Sudan,Africa,2007,42292929.0
Swaziland,Africa,1952,290243.0
Swaziland,Africa,1957,326741.0
Swaziland,Africa,1962,370006.0
Swaziland,Africa,1967,420690.0
Swaziland,Africa,1972,480105.0
Swaziland,Africa,1977,551425.0
Swaziland,Africa,1982,649901.0
Swaziland,Africa,1987,779348.0
Swaziland,Africa,1992,962344.0
Swaziland,Africa,1997,1054486.0
Swaziland,Africa,2002,1130269.0
Swaziland,Africa,2007,1133066.0
Tanzania,Africa,1952,8322925.0
Tanzania,Africa,1957,9452826.0
Tanzania,Africa,1962,10863958.0
Tanzania,Africa,1967,12607312.0
Tanzania,Africa,1972,14706593.0
Tanzania,Africa,1977,17129565.0
Tanzania,Africa,1982,19844382.0
Tanzania,Africa,1987,23040630.0
Tanzania,Africa,1992,26605473.0
Tanzania,Africa,1997,30686889.0
Tanzania,Africa,2002,34593779.0
Tanzania,Africa,2007,38139640.0
Togo,Africa,1952,1219113.0
Togo,Africa,1957,1357445.0
Togo,Africa,1962,1528098.0
Togo,Africa,1967,1735550.0
Togo,Africa,1972,2056351.0
Togo,Africa,1977,2308582.0
Togo,Africa,1982,2644765.0
Togo,Africa,1987,3154264.0
Togo,Africa,1992,3747553.0
Togo,Africa,1997,4320890.0
Togo,Africa,2002,4977378.0
Togo,Africa,2007,5701579.0
Tunisia,Africa,1952,3647735.0
Tunisia,Africa,1957,3950849.0
Tunisia,Africa,1962,4286552.0
Tunisia,Africa,1967,4786986.0
Tunisia,Africa,1972,5303507.0
Tunisia,Africa,1977,6005061.0
Tunisia,Africa,1982,6734098.0
Tunisia,Africa,1987,7724976.0
Tunisia,Africa,1992,8523077.0
Tunisia,Africa,1997,9231669.0
Tunisia,Africa,2002,9770575.0
Tunisia,Africa,2007,10276158.0
Uganda,Africa,1952,5824797.0
Uganda,Africa,1957,6675501.0
Uganda,Africa,1962,7688797.0
Uganda,Africa,1967,8900294.0
Uganda,Africa,1972,10190285.0
Uganda,Africa,1977,11457758.0
Uganda,Africa,1982,12939400.0
Uganda,Africa,1987,15283050.0
Uganda,Africa,1992,18252190.0
Uganda,Africa,1997,21210254.0
Uganda,Africa,2002,24739869.0
Uganda,Africa,2007,29170398.0
Zambia,Africa,1952,2672000.0
Zambia,Africa,1957,3016000.0
Zambia,Africa,1962,3421000.0
Zambia,Africa,1967,3900000.0
Zambia,Africa,1972,4506497.0
Zambia,Africa,1977,5216550.0
Zambia,Africa,1982,6100407.0
Zambia,Africa,1987,7272406.0
Zambia,Africa,1992,8381163.0
Zambia,Africa,1997,9417789.0
Zambia,Africa,2002,10595811.0
Zambia,Africa,2007,11746035.0
Zimbabwe,Africa,1952,3080907.0
Zimbabwe,Africa,1957,3646340.0
Zimbabwe,Africa,1962,4277736.0
Zimbabwe,Africa,1967,4995432.0
Zimbabwe,Africa,1972,5861135.0
Zimbabwe,Africa,1977,6642107.0
Zimbabwe,Africa,1982,7636524.0
Zimbabwe,Africa,1987,9216418.0
Zimbabwe,Africa,1992,10704340.0
Zimbabwe,Africa,1997,11404948.0
Zimbabwe,Africa,2002,11926563.0
Zimbabwe,Africa,2007,12311143.0
Argentina,Americas,1952,17876956.0
Argentina,Americas,1957,19610538.0
Argentina,Americas,1962,21283783.0
Argentina,Americas,1967,22934225.0
Argentina,Americas,1972,24779799.0
Argentina,Americas,1977,26983828.0
Argentina,Americas,1982,29341374.0
Argentina,Americas,1987,31620918.0
Argentina,Americas,1992,33958947.0
Argentina,Americas,1997,36203463.0
Argentina,Americas,2002,38331121.0
Argentina,Americas,2007,40301927.0
Bolivia,Americas,1952,2883315.0
Bolivia,Americas,1957,3211738.0
Bolivia,Americas,1962,3593918.0
Bolivia,Americas,1967,4040665.0
Bolivia,Americas,1972,4565872.0
Bolivia,Americas,1977,5079716.0
Bolivia,Americas,1982,5642224.0
Bolivia,Americas,1987,6156369.0
Bolivia,Americas,1992,6893451.0
Bolivia,Americas,1997,7693188.0
Bolivia,Americas,2002,8445134.0
Bolivia,Americas,2007,9119152.0
Brazil,Americas,1952,56602560.0
Brazil,Americas,1957,65551171.0
Brazil,Americas,1962,76039390.0
Brazil,Americas,1967,88049823.0
Brazil,Americas,1972,100840058.0
Brazil,Americas,1977,114313951.0
Brazil,Americas,1982,128962939.0
Brazil,Americas,1987,142938076.0
Brazil,Americas,1992,155975974.0
Brazil,Americas,1997,168546719.0
Brazil,Americas,2002,179914212.0
Brazil,Americas,2007,190010647.0
Canada,Americas,1952,14785584.0
Canada,Americas,1957,17010154.0
Canada,Americas,1962,18985849.0
Canada,Americas,1967,20819767.0
Canada,Americas,1972,22284500.0
Canada,Americas,1977,23796400.0
Canada,Americas,1982,25201900.0
Canada,Americas,1987,26549700.0
Canada,Americas,1992,28523502.0
Canada,Americas,1997,30305843.0
Canada,Americas,2002,31902268.0
Canada,Americas,2007,33390141.0
Chile,Americas,1952,6377619.0
Chile,Americas,1957,7048426.0
Chile,Americas,1962,7961258.0
Chile,Americas,1967,8858908.0
Chile,Americas,1972,9717524.0
Chile,Americas,1977,10599793.0
Chile,Americas,1982,11487112.0
Chile,Americas,1987,12463354.0
Chile,Americas,1992,13572994.0
Chile,Americas,1997,14599929.0
Chile,Americas,2002,15497046.0
Chile,Americas,2007,16284741.0
Colombia,Americas,1952,12350771.0
Colombia,Americas,1957,14485993.0
Colombia,Americas,1962,17009885.0
Colombia,Americas,1967,19764027.0
Colombia,Americas,1972,22542890.0
Colombia,Americas,1977,25094412.0
Colombia,Americas,1982,27764644.0
Colombia,Americas,1987,30964245.0
Colombia,Americas,1992,34202721.0
Colombia,Americas,1997,37657830.0
Colombia,Americas,2002,41008227.0
Colombia,Americas,2007,44227550.0
Costa Rica,Americas,1952,926317.0
Costa Rica,Americas,1957,1112300.0
Costa Rica,Americas,1962,1345187.0
Costa Rica,Americas,1967,1588717.0
Costa Rica,Americas,1972,1834796.0
Costa Rica,Americas,1977,2108457.0
Costa Rica,Americas,1982,2424367.0
Costa Rica,Americas,1987,2799811.0
Costa Rica,Americas,1992,3173216.0
Costa Rica,Americas,1997,3518107.0
Costa Rica,Americas,2002,3834934.0
Costa Rica,Americas,2007,4133884.0
Cuba,Americas,1952,6007797.0
Cuba,Americas,1957,6640752.0
Cuba,Americas,1962,7254373.0
Cuba,Americas,1967,8139332.0
Cuba,Americas,1972,8831348.0
Cuba,Americas,1977,9537988.0
Cuba,Americas,1982,9789224.0
Cuba,Americas,1987,10239839.0
Cuba,Americas,1992,10723260.0
Cuba,Americas,1997,10983007.0
Cuba,Americas,2002,11226999.0
Cuba,Americas,2007,11416987.0
Dominican Republic,Americas,1952,2491346.0
Dominican Republic,Americas,1957,2923186.0
Dominican Republic,Americas,1962,3453434.0
Dominican Republic,Americas,1967,4049146.0
Dominican Republic,Americas,1972,4671329.0
Dominican Republic,Americas,1977,5302800.0
Dominican Republic,Americas,1982,5968349.0
Dominican Republic,Americas,1987,6655297.0
Dominican Republic,Americas,1992,7351181.0
Dominican Republic,Americas,1997,7992357.0
Dominican Republic,Americas,2002,8650322.0
Dominican Republic,Americas,2007,9319622.0
Ecuador,Americas,1952,3548753.0
Ecuador,Americas,1957,4058385.0
Ecuador,Americas,1962,4681707.0
Ecuador,Americas,1967,5432424.0
Ecuador,Americas,1972,6298651.0
Ecuador,Americas,1977,7278866.0
Ecuador,Americas,1982,8365850.0
Ecuador,Americas,1987,9545158.0
Ecuador,Americas,1992,10748394.0
Ecuador,Americas,1997,11911819.0
Ecuador,Americas,2002,12921234.0
Ecuador,Americas,2007,13755680.0
El Salvador,Americas,1952,2042865.0
El Salvador,Americas,1957,2355805.0
El Salvador,Americas,1962,2747687.0
El Salvador,Americas,1967,3232927.0
El Salvador,Americas,1972,3790903.0
El Salvador,Americas,1977,4282586.0
El Salvador,Americas,1982,4474873.0
El Salvador,Americas,1987,4842194.0
El Salvador,Americas,1992,5274649.0
El Salvador,Americas,1997,5783439.0
El Salvador,Americas,2002,6353681.0
El Salvador,Americas,2007,6939688.0
Guatemala,Americas,1952,3146381.0
Guatemala,Americas,1957,3640876.0
Guatemala,Americas,1962,4208858.0
Guatemala,Americas,1967,4690773.0
Guatemala,Americas,1972,5149581.0
Guatemala,Americas,1977,5703430.0
Guatemala,Americas,1982,6395630.0
Guatemala,Americas,1987,7326406.0
Guatemala,Americas,1992,8486949.0
Guatemala,Americas,1997,9803875.0
Guatemala,Americas,2002,11178650.0
Guatemala,Americas,2007,12572928.0
Haiti,Americas,1952,3201488.0
Haiti,Americas,1957,3507701.0
Haiti,Americas,1962,3880130.0
Haiti,Americas,1967,4318137.0
Haiti,Americas,1972,4698301.0
Haiti,Americas,1977,4908554.0
Haiti,Americas,1982,5198399.0
Haiti,Americas,1987,5756203.0
Haiti,Americas,1992,6326682.0
Haiti,Americas,1997,6913545.0
Haiti,Americas,2002,7607651.0
Haiti,Americas,2007,8502814.0
Honduras,Americas,1952,1517453.0
Honduras,Americas,1957,1770390.0
Honduras,Americas,1962,2090162.0
Honduras,Americas,1967,2500689.0
Honduras,Americas,1972,2965146.0
Honduras,Americas,1977,3055235.0
Honduras,Americas,1982,3669448.0
Honduras,Americas,1987,4372203.0
Honduras,Americas,1992,5077347.0
Honduras,Americas,1997,5867957.0
Honduras,Americas,2002,6677328.0
Honduras,Americas,2007,7483763.0
Jamaica,Americas,1952,1426095.0
Jamaica,Americas,1957,1535090.0
Jamaica,Americas,1962,1665128.0
Jamaica,Americas,1967,1861096.0
Jamaica,Americas,1972,1997616.0
Jamaica,Americas,1977,2156814.0
Jamaica,Americas,1982,2298309.0
Jamaica,Americas,1987,2326606.0
Jamaica,Americas,1992,2378618.0
Jamaica,Americas,1997,2531311.0
Jamaica,Americas,2002,2664659.0
Jamaica,Americas,2007,2780132.0
Mexico,Americas,1952,30144317.0
Mexico,Americas,1957,35015548.0
Mexico,Americas,1962,41121485.0
Mexico,Americas,1967,47995559.0
Mexico,Americas,1972,55984294.0
Mexico,Americas,1977,63759976.0
Mexico,Americas,1982,71640904.0
Mexico,Americas,1987,80122492.0
Mexico,Americas,1992,88111030.0
Mexico,Americas,1997,95895146.0
Mexico,Americas,2002,102479927.0
Mexico,Americas,2007,108700891.0
Nicaragua,Americas,1952,1165790.0
Nicaragua,Americas,1957,1358828.0
Nicaragua,Americas,1962,1590597.0
Nicaragua,Americas,1967,1865490.0
Nicaragua,Americas,1972,2182908.0
Nicaragua,Americas,1977,2554598.0
Nicaragua,Americas,1982,2979423.0
Nicaragua,Americas,1987,3344353.0
Nicaragua,Americas,1992,4017939.0
Nicaragua,Americas,1997,4609572.0
Nicaragua,Americas,2002,5146848.0
Nicaragua,Americas,2007,5675356.0
Panama,Americas,1952,940080.0
Panama,Americas,1957,1063506.0
Panama,Americas,1962,1215725.0
Panama,Americas,1967,1405486.0
Panama,Americas,1972,1616384.0
Panama,Americas,1977,1839782.0
Panama,Americas,1982,2036305.0
Panama,Americas,1987,2253639.0
Panama,Americas,1992,2484997.0
Panama,Americas,1997,2734531.0
Panama,Americas,2002,2990875.0
Panama,Americas,2007,3242173.0
Paraguay,Americas,1952,1555876.0
Paraguay,Americas,1957,1770902.0
Paraguay,Americas,1962,2009813.0
Paraguay,Americas,1967,2287985.0
Paraguay,Americas,1972,2614104.0
Paraguay,Americas,1977,2984494.0
Paraguay,Americas,1982,3366439.0
Paraguay,Americas,1987,3886512.0
Paraguay,Americas,1992,4483945.0
Paraguay,Americas,1997,5154123.0
Paraguay,Americas,2002,5884491.0
Paraguay,Americas,2007,6667147.0
Peru,Americas,1952,8025700.0
Peru,Americas,1957,9146100.0
Peru,Americas,1962,10516500.0
Peru,Americas,1967,12132200.0
Peru,Americas,1972,13954700.0
Peru,Americas,1977,15990099.0
Peru,Americas,1982,18125129.0
Peru,Americas,1987,20195924.0
Peru,Americas,1992,22430449.0
Peru,Americas,1997,24748122.0
Peru,Americas,2002,26769436.0
Peru,Americas,2007,28674757.0
Puerto Rico,Americas,1952,2227000.0
Puerto Rico,Americas,1957,2260000.0
Puerto Rico,Americas,1962,2448046.0
Puerto Rico,Americas,1967,2648961.0
Puerto Rico,Americas,1972,2847132.0
Puerto Rico,Americas,1977,3080828.0
Puerto Rico,Americas,1982,3279001.0
Puerto Rico,Americas,1987,3444468.0
Puerto Rico,Americas,1992,3585176.0
Puerto Rico,Americas,1997,3759430.0
Puerto Rico,Americas,2002,3859606.0
Puerto Rico,Americas,2007,3942491.0
Trinidad and Tobago,Americas,1952,662850.0
Trinidad and Tobago,Americas,1957,764900.0
Trinidad and Tobago,Americas,1962,887498.0
Trinidad and Tobago,Americas,1967,960155.0
Trinidad and Tobago,Americas,1972,975199.0
Trinidad and Tobago,Americas,1977,1039009.0
Trinidad and Tobago,Americas,1982,1116479.0
Trinidad and Tobago,Americas,1987,1191336.0
Trinidad and Tobago,Americas,1992,1183669.0
Trinidad and Tobago,Americas,1997,1138101.0
Trinidad and Tobago,Americas,2002,1101832.0
Trinidad and Tobago,Americas,2007,1056608.0
United States,Americas,1952,157553000.0
United States,Americas,1957,171984000.0
United States,Americas,1962,186538000.0
United States,Americas,1967,198712000.0
United States,Americas,1972,209896000.0
United States,Americas,1977,220239000.0
United States,Americas,1982,232187835.0
United States,Americas,1987,242803533.0
United States,Americas,1992,256894189.0
United States,Americas,1997,272911760.0
United States,Americas,2002,287675526.0
United States,Americas,2007,301139947.0
Uruguay,Americas,1952,2252965.0
Uruguay,Americas,1957,2424959.0
Uruguay,Americas,1962,2598466.0
Uruguay,Americas,1967,2748579.0
Uruguay,Americas,1972,2829526.0
Uruguay,Americas,1977,2873520.0
Uruguay,Americas,1982,2953997.0
Uruguay,Americas,1987,3045153.0
Uruguay,Americas,1992,3149262.0
Uruguay,Americas,1997,3262838.0
Uruguay,Americas,2002,3363085.0
Uruguay,Americas,2007,3447496.0
Venezuela,Americas,1952,5439568.0
Venezuela,Americas,1957,6702668.0
Venezuela,Americas,1962,8143375.0
Venezuela,Americas,1967,9709552.0
Venezuela,Americas,1972,11515649.0
Venezuela,Americas,1977,13503563.0
Venezuela,Americas,1982,15620766.0
Venezuela,Americas,1987,17910182.0
Venezuela,Americas,1992,20265563.0
Venezuela,Americas,1997,22374398.0
Venezuela,Americas,2002,24287670.0
Venezuela,Americas,2007,26084662.0
Afghanistan,Asia,1952,8425333.0
Afghanistan,Asia,1957,9240934.0
Afghanistan,Asia,1962,10267083.0
Afghanistan,Asia,1967,11537966.0
Afghanistan,Asia,1972,13079460.0
Afghanistan,Asia,1977,14880372.0
Afghanistan,Asia,1982,12881816.0
Afghanistan,Asia,1987,13867957.0
Afghanistan,Asia,1992,16317921.0
Afghanistan,Asia,1997,22227415.0
Afghanistan,Asia,2002,25268405.0
Afghanistan,Asia,2007,31889923.0
Bahrain,Asia,1952,120447.0
Bahrain,Asia,1957,138655.0
Bahrain,Asia,1962,171863.0
Bahrain,Asia,1967,202182.0
Bahrain,Asia,1972,230800.0
Bahrain,Asia,1977,297410.0
Bahrain,Asia,1982,377967.0
Bahrain,Asia,1987,454612.0
Bahrain,Asia,1992,529491.0
Bahrain,Asia,1997,598561.0
Bahrain,Asia,2002,656397.0
Bahrain,Asia,2007,708573.0
Bangladesh,Asia,1952,46886859.0
Bangladesh,Asia,1957,51365468.0
Bangladesh,Asia,1962,56839289.0
Bangladesh,Asia,1967,62821884.0
Bangladesh,Asia,1972,70759295.0
Bangladesh,Asia,1977,80428306.0
Bangladesh,Asia,1982,93074406.0
Bangladesh,Asia,1987,103764241.0
Bangladesh,Asia,1992,113704579.0
Bangladesh,Asia,1997,123315288.0
Bangladesh,Asia,2002,135656790.0
Bangladesh,Asia,2007,150448339.0
Cambodia,Asia,1952,4693836.0
Cambodia,Asia,1957,5322536.0
Cambodia,Asia,1962,6083619.0
Cambodia,Asia,1967,6960067.0
Cambodia,Asia,1972,7450606.0
Cambodia,Asia,1977,6978607.0
Cambodia,Asia,1982,7272485.0
Cambodia,Asia,1987,8371791.0
Cambodia,Asia,1992,10150094.0
Cambodia,Asia,1997,11782962.0
Cambodia,Asia,2002,12926707.0
Cambodia,Asia,2007,14131858.0
China,Asia,1952,556263527.9999889
China,Asia,1957,637408000.0
China,Asia,1962,665770000.0
China,Asia,1967,754550000.0
China,Asia,1972,862030000.0
China,Asia,1977,943455000.0
China,Asia,1982,1000281000.0
China,Asia,1987,1084035000.0
China,Asia,1992,1164970000.0
China,Asia,1997,1230075000.0
China,Asia,2002,1280400000.0
China,Asia,2007,1318683096.0
Hong Kong China,Asia,1952,2125900.0
Hong Kong China,Asia,1957,2736300.0
Hong Kong China,Asia,1962,3305200.0
Hong Kong China,Asia,1967,3722800.0
Hong Kong China,Asia,1972,4115700.0
Hong Kong China,Asia,1977,4583700.0
Hong Kong China,Asia,1982,5264500.0
Hong Kong China,Asia,1987,5584510.0
Hong Kong China,Asia,1992,5829696.0
Hong Kong China,Asia,1997,6495918.0
Hong Kong China,Asia,2002,6762476.0
Hong Kong China,Asia,2007,6980412.0
India,Asia,1952,372000000.0
India,Asia,1957,409000000.0
India,Asia,1962,454000000.0
India,Asia,1967,506000000.0
India,Asia,1972,567000000.0
India,Asia,1977,634000000.0
India,Asia,1982,708000000.0
India,Asia,1987,788000000.0
India,Asia,1992,872000000.0
India,Asia,1997,959000000.0
India,Asia,2002,1034172547.0
India,Asia,2007,1110396331.0
Indonesia,Asia,1952,82052000.0
Indonesia,Asia,1957,90124000.0
Indonesia,Asia,1962,99028000.0
Indonesia,Asia,1967,109343000.0
Indonesia,Asia,1972,121282000.0
Indonesia,Asia,1977,136725000.0
Indonesia,Asia,1982,153343000.0
Indonesia,Asia,1987,169276000.0
Indonesia,Asia,1992,184816000.0
Indonesia,Asia,1997,199278000.0
Indonesia,Asia,2002,211060000.0
Indonesia,Asia,2007,223547000.0
Iran,Asia,1952,17272000.0
Iran,Asia,1957,19792000.0
Iran,Asia,1962,22874000.0
Iran,Asia,1967,26538000.0
Iran,Asia,1972,30614000.0
Iran,Asia,1977,35480679.0
Iran,Asia,1982,43072751.0
Iran,Asia,1987,51889696.0
Iran,Asia,1992,60397973.0
Iran,Asia,1997,63327987.0
Iran,Asia,2002,66907826.0
Iran,Asia,2007,69453570.0
Iraq,Asia,1952,5441766.0
Iraq,Asia,1957,6248643.0
Iraq,Asia,1962,7240260.0
Iraq,Asia,1967,8519282.0
Iraq,Asia,1972,10061506.0
Iraq,Asia,1977,11882916.0
Iraq,Asia,1982,14173318.0
Iraq,Asia,1987,16543189.0
Iraq,Asia,1992,17861905.0
Iraq,Asia,1997,20775703.0
Iraq,Asia,2002,24001816.0
Iraq,Asia,2007,27499638.0
Israel,Asia,1952,1620914.0
Israel,Asia,1957,1944401.0
Israel,Asia,1962,2310904.0
Israel,Asia,1967,2693585.0
Israel,Asia,1972,3095893.0
Israel,Asia,1977,3495918.0
Israel,Asia,1982,3858421.0
Israel,Asia,1987,4203148.0
Israel,Asia,1992,4936550.0
Israel,Asia,1997,5531387.0
Israel,Asia,2002,6029529.0
Israel,Asia,2007,6426679.0
Japan,Asia,1952,86459025.0
Japan,Asia,1957,91563009.0
Japan,Asia,1962,95831757.0
Japan,Asia,1967,100825279.0
Japan,Asia,1972,107188273.0
Japan,Asia,1977,113872473.0
Japan,Asia,1982,118454974.0
Japan,Asia,1987,122091325.0
Japan,Asia,1992,124329269.0
Japan,Asia,1997,125956499.0
Japan,Asia,2002,127065841.0
Japan,Asia,2007,127467972.0
Jordan,Asia,1952,607914.0
Jordan,Asia,1957,746559.0
Jordan,Asia,1962,933559.0
Jordan,Asia,1967,1255058.0
Jordan,Asia,1972,1613551.0
Jordan,Asia,1977,1937652.0
Jordan,Asia,1982,2347031.0
Jordan,Asia,1987,2820042.0
Jordan,Asia,1992,3867409.0
Jordan,Asia,1997,4526235.0
Jordan,Asia,2002,5307470.0
Jordan,Asia,2007,6053193.0
Korea Dem. Rep.,Asia,1952,8865488.0
Korea Dem. Rep.,Asia,1957,9411381.0
Korea Dem. Rep.,Asia,1962,10917494.0
Korea Dem. Rep.,Asia,1967,12617009.0
Korea Dem. Rep.,Asia,1972,14781241.0
Korea Dem. Rep.,Asia,1977,16325320.0
Korea Dem. Rep.,Asia,1982,17647518.0
Korea Dem. Rep.,Asia,1987,19067554.0
Korea Dem. Rep.,Asia,1992,20711375.0
Korea Dem. Rep.,Asia,1997,21585105.0
Korea Dem. Rep.,Asia,2002,22215365.0
Korea Dem. Rep.,Asia,2007,23301725.0
Korea Rep.,Asia,1952,20947571.0
Korea Rep.,Asia,1957,22611552.0
Korea Rep.,Asia,1962,26420307.0
Korea Rep.,Asia,1967,30131000.0
Korea Rep.,Asia,1972,33505000.0
Korea Rep.,Asia,1977,36436000.0
Korea Rep.,Asia,1982,39326000.0
Korea Rep.,Asia,1987,41622000.0
Korea Rep.,Asia,1992,43805450.0
Korea Rep.,Asia,1997,46173816.0
Korea Rep.,Asia,2002,47969150.0
Korea Rep.,Asia,2007,49044790.0
Kuwait,Asia,1952,160000.0
Kuwait,Asia,1957,212846.0
Kuwait,Asia,1962,358266.0
Kuwait,Asia,1967,575003.0
Kuwait,Asia,1972,841934.0
Kuwait,Asia,1977,1140357.0
Kuwait,Asia,1982,1497494.0
Kuwait,Asia,1987,1891487.0
Kuwait,Asia,1992,1418095.0
Kuwait,Asia,1997,1765345.0
Kuwait,Asia,2002,2111561.0
Kuwait,Asia,2007,2505559.0
Lebanon,Asia,1952,1439529.0
Lebanon,Asia,1957,1647412.0
Lebanon,Asia,1962,1886848.0
Lebanon,Asia,1967,2186894.0
Lebanon,Asia,1972,2680018.0
Lebanon,Asia,1977,3115787.0
Lebanon,Asia,1982,3086876.0
Lebanon,Asia,1987,3089353.0
Lebanon,Asia,1992,3219994.0
Lebanon,Asia,1997,3430388.0
Lebanon,Asia,2002,3677780.0
Lebanon,Asia,2007,3921278.0
Malaysia,Asia,1952,6748378.0
Malaysia,Asia,1957,7739235.0
Malaysia,Asia,1962,8906385.0
Malaysia,Asia,1967,10154878.0
Malaysia,Asia,1972,11441462.0
Malaysia,Asia,1977,12845381.0
Malaysia,Asia,1982,14441916.0
Malaysia,Asia,1987,16331785.0
Malaysia,Asia,1992,18319502.0
Malaysia,Asia,1997,20476091.0
Malaysia,Asia,2002,22662365.0
Malaysia,Asia,2007,24821286.0
Mongolia,Asia,1952,800663.0
Mongolia,Asia,1957,882134.0
Mongolia,Asia,1962,1010280.0
Mongolia,Asia,1967,1149500.0
Mongolia,Asia,1972,1320500.0
Mongolia,Asia,1977,1528000.0
Mongolia,Asia,1982,1756032.0
Mongolia,Asia,1987,2015133.0
Mongolia,Asia,1992,2312802.0
Mongolia,Asia,1997,2494803.0
Mongolia,Asia,2002,2674234.0
Mongolia,Asia,2007,2874127.0
Myanmar,Asia,1952,20092996.0
Myanmar,Asia,1957,21731844.0
Myanmar,Asia,1962,23634436.0
Myanmar,Asia,1967,25870271.0
Myanmar,Asia,1972,28466390.0
Myanmar,Asia,1977,31528087.0
Myanmar,Asia,1982,34680442.0
Myanmar,Asia,1987,38028578.0
Myanmar,Asia,1992,40546538.0
Myanmar,Asia,1997,43247867.0
Myanmar,Asia,2002,45598081.0
Myanmar,Asia,2007,47761980.0
Nepal,Asia,1952,9182536.0
Nepal,Asia,1957,9682338.0
Nepal,Asia,1962,10332057.0
Nepal,Asia,1967,11261690.0
Nepal,Asia,1972,12412593.0
Nepal,Asia,1977,13933198.0
Nepal,Asia,1982,15796314.0
Nepal,Asia,1987,17917180.0
Nepal,Asia,1992,20326209.0
Nepal,Asia,1997,23001113.0
Nepal,Asia,2002,25873917.0
Nepal,Asia,2007,28901790.0
Oman,Asia,1952,507833.0
Oman,Asia,1957,561977.0
Oman,Asia,1962,628164.0
Oman,Asia,1967,714775.0
Oman,Asia,1972,829050.0
Oman,Asia,1977,1004533.0
Oman,Asia,1982,1301048.0
Oman,Asia,1987,1593882.0
Oman,Asia,1992,1915208.0
Oman,Asia,1997,2283635.0
Oman,Asia,2002,2713462.0
Oman,Asia,2007,3204897.0
Pakistan,Asia,1952,41346560.0
Pakistan,Asia,1957,46679944.0
Pakistan,Asia,1962,53100671.0
Pakistan,Asia,1967,60641899.0
Pakistan,Asia,1972,69325921.0
Pakistan,Asia,1977,78152686.0
Pakistan,Asia,1982,91462088.0
Pakistan,Asia,1987,105186881.0
Pakistan,Asia,1992,120065004.0
Pakistan,Asia,1997,135564834.0
Pakistan,Asia,2002,153403524.0
Pakistan,Asia,2007,169270617.0
Philippines,Asia,1952,22438691.0
Philippines,Asia,1957,26072194.0
Philippines,Asia,1962,30325264.0
Philippines,Asia,1967,35356600.0
Philippines,Asia,1972,40850141.0
Philippines,Asia,1977,46850962.0
Philippines,Asia,1982,53456774.0
Philippines,Asia,1987,60017788.0
Philippines,Asia,1992,67185766.0
Philippines,Asia,1997,75012988.0
Philippines,Asia,2002,82995088.0
Philippines,Asia,2007,91077287.0
Saudi Arabia,Asia,1952,4005677.0
Saudi Arabia,Asia,1957,4419650.0
Saudi Arabia,Asia,1962,4943029.0
Saudi Arabia,Asia,1967,5618198.0
Saudi Arabia,Asia,1972,6472756.0
Saudi Arabia,Asia,1977,8128505.0
Saudi Arabia,Asia,1982,11254672.0
Saudi Arabia,Asia,1987,14619745.0
Saudi Arabia,Asia,1992,16945857.0
Saudi Arabia,Asia,1997,21229759.0
Saudi Arabia,Asia,2002,24501530.0
Saudi Arabia,Asia,2007,27601038.0
Singapore,Asia,1952,1127000.0
Singapore,Asia,1957,1445929.0
Singapore,Asia,1962,1750200.0
Singapore,Asia,1967,1977600.0
Singapore,Asia,1972,2152400.0
Singapore,Asia,1977,2325300.0
Singapore,Asia,1982,2651869.0
Singapore,Asia,1987,2794552.0
Singapore,Asia,1992,3235865.0
Singapore,Asia,1997,3802309.0
Singapore,Asia,2002,4197776.0
Singapore,Asia,2007,4553009.0
Sri Lanka,Asia,1952,7982342.0
Sri Lanka,Asia,1957,9128546.0
Sri Lanka,Asia,1962,10421936.0
Sri Lanka,Asia,1967,11737396.0
Sri Lanka,Asia,1972,13016733.0
Sri Lanka,Asia,1977,14116836.0
Sri Lanka,Asia,1982,15410151.0
Sri Lanka,Asia,1987,16495304.0
Sri Lanka,Asia,1992,17587060.0
Sri Lanka,Asia,1997,18698655.0
Sri Lanka,Asia,2002,19576783.0
Sri Lanka,Asia,2007,20378239.0
Syria,Asia,1952,3661549.0
Syria,Asia,1957,4149908.0
Syria,Asia,1962,4834621.0
Syria,Asia,1967,5680812.0
Syria,Asia,1972,6701172.0
Syria,Asia,1977,7932503.0
Syria,Asia,1982,9410494.0
Syria,Asia,1987,11242847.0
Syria,Asia,1992,13219062.0
Syria,Asia,1997,15081016.0
Syria,Asia,2002,17155814.0
Syria,Asia,2007,19314747.0
Taiwan,Asia,1952,8550362.0
Taiwan,Asia,1957,10164215.0
Taiwan,Asia,1962,11918938.0
Taiwan,Asia,1967,13648692.0
Taiwan,Asia,1972,15226039.0
Taiwan,Asia,1977,16785196.0
Taiwan,Asia,1982,18501390.0
Taiwan,Asia,1987,19757799.0
Taiwan,Asia,1992,20686918.0
Taiwan,Asia,1997,21628605.0
Taiwan,Asia,2002,22454239.0
Taiwan,Asia,2007,23174294.0
Thailand,Asia,1952,21289402.0
Thailand,Asia,1957,25041917.0
Thailand,Asia,1962,29263397.0
Thailand,Asia,1967,34024249.0
Thailand,Asia,1972,39276153.0
Thailand,Asia,1977,44148285.0
Thailand,Asia,1982,48827160.0
Thailand,Asia,1987,52910342.0
Thailand,Asia,1992,56667095.0
Thailand,Asia,1997,60216677.0
Thailand,Asia,2002,62806748.0
Thailand,Asia,2007,65068149.0
Vietnam,Asia,1952,26246839.0
Vietnam,Asia,1957,28998543.0
Vietnam,Asia,1962,33796140.0
Vietnam,Asia,1967,39463910.0
Vietnam,Asia,1972,44655014.0
Vietnam,Asia,1977,50533506.0
Vietnam,Asia,1982,56142181.0
Vietnam,Asia,1987,62826491.0
Vietnam,Asia,1992,69940728.0
Vietnam,Asia,1997,76048996.0
Vietnam,Asia,2002,80908147.0
Vietnam,Asia,2007,85262356.0
West Bank and Gaza,Asia,1952,1030585.0
West Bank and Gaza,Asia,1957,1070439.0
West Bank and Gaza,Asia,1962,1133134.0
West Bank and Gaza,Asia,1967,1142636.0
West Bank and Gaza,Asia,1972,1089572.0
West Bank and Gaza,Asia,1977,1261091.0
West Bank and Gaza,Asia,1982,1425876.0
West Bank and Gaza,Asia,1987,1691210.0
West Bank and Gaza,Asia,1992,2104779.0
West Bank and Gaza,Asia,1997,2826046.0
West Bank and Gaza,Asia,2002,3389578.0
West Bank and Gaza,Asia,2007,4018332.0
Yemen Rep.,Asia,1952,4963829.0
Yemen Rep.,Asia,1957,5498090.0
Yemen Rep.,Asia,1962,6120081.0
Yemen Rep.,Asia,1967,6740785.0
Yemen Rep.,Asia,1972,7407075.0
Yemen Rep.,Asia,1977,8403990.0
Yemen Rep.,Asia,1982,9657618.0
Yemen Rep.,Asia,1987,11219340.0
Yemen Rep.,Asia,1992,13367997.0
Yemen Rep.,Asia,1997,15826497.0
Yemen Rep.,Asia,2002,18701257.0
Yemen Rep.,Asia,2007,22211743.0
Albania,Europe,1952,1282697.0
Albania,Europe,1957,1476505.0
Albania,Europe,1962,1728137.0
Albania,Europe,1967,1984060.0
Albania,Europe,1972,2263554.0
Albania,Europe,1977,2509048.0
Albania,Europe,1982,2780097.0
Albania,Europe,1987,3075321.0
Albania,Europe,1992,3326498.0
Albania,Europe,1997,3428038.0
Albania,Europe,2002,3508512.0
Albania,Europe,2007,3600523.0
Austria,Europe,1952,6927772.0
Austria,Europe,1957,6965860.0
Austria,Europe,1962,7129864.0
Austria,Europe,1967,7376998.0
Austria,Europe,1972,7544201.0
Austria,Europe,1977,7568430.0
Austria,Europe,1982,7574613.0
Austria,Europe,1987,7578903.0
Austria,Europe,1992,7914969.0
Austria,Europe,1997,8069876.0
Austria,Europe,2002,8148312.0
Austria,Europe,2007,8199783.0
Belgium,Europe,1952,8730405.0
Belgium,Europe,1957,8989111.0
Belgium,Europe,1962,9218400.0
Belgium,Europe,1967,9556500.0
Belgium,Europe,1972,9709100.0
Belgium,Europe,1977,9821800.0
Belgium,Europe,1982,9856303.0
Belgium,Europe,1987,9870200.0
Belgium,Europe,1992,10045622.0
Belgium,Europe,1997,10199787.0
Belgium,Europe,2002,10311970.0
Belgium,Europe,2007,10392226.0
Bosnia and Herzegovina,Europe,1952,2791000.0
Bosnia and Herzegovina,Europe,1957,3076000.0
Bosnia and Herzegovina,Europe,1962,3349000.0
Bosnia and Herzegovina,Europe,1967,3585000.0
Bosnia and Herzegovina,Europe,1972,3819000.0
Bosnia and Herzegovina,Europe,1977,4086000.0
Bosnia and Herzegovina,Europe,1982,4172693.0
Bosnia and Herzegovina,Europe,1987,4338977.0
Bosnia and Herzegovina,Europe,1992,4256013.0
Bosnia and Herzegovina,Europe,1997,3607000.0
Bosnia and Herzegovina,Europe,2002,4165416.0
Bosnia and Herzegovina,Europe,2007,4552198.0
Bulgaria,Europe,1952,7274900.0
Bulgaria,Europe,1957,7651254.0
Bulgaria,Europe,1962,8012946.0
Bulgaria,Europe,1967,8310226.0
Bulgaria,Europe,1972,8576200.0
Bulgaria,Europe,1977,8797022.0
Bulgaria,Europe,1982,8892098.0
Bulgaria,Europe,1987,8971958.0
Bulgaria,Europe,1992,8658506.0
Bulgaria,Europe,1997,8066057.0
Bulgaria,Europe,2002,7661799.0
Bulgaria,Europe,2007,7322858.0
Croatia,Europe,1952,3882229.0
Croatia,Europe,1957,3991242.0
Croatia,Europe,1962,4076557.0
Croatia,Europe,1967,4174366.0
Croatia,Europe,1972,4225310.0
Croatia,Europe,1977,4318673.0
Croatia,Europe,1982,4413368.0
Croatia,Europe,1987,4484310.0
Croatia,Europe,1992,4494013.0
Croatia,Europe,1997,4444595.0
Croatia,Europe,2002,4481020.0
Croatia,Europe,2007,4493312.0
Czech Republic,Europe,1952,9125183.0
Czech Republic,Europe,1957,9513758.0
Czech Republic,Europe,1962,9620282.0
Czech Republic,Europe,1967,9835109.0
Czech Republic,Europe,1972,9862158.0
Czech Republic,Europe,1977,10161915.0
Czech Republic,Europe,1982,10303704.0
Czech Republic,Europe,1987,10311597.0
Czech Republic,Europe,1992,10315702.0
Czech Republic,Europe,1997,10300707.0
Czech Republic,Europe,2002,10256295.0
Czech Republic,Europe,2007,10228744.0
Denmark,Europe,1952,4334000.0
Denmark,Europe,1957,4487831.0
Denmark,Europe,1962,4646899.0
Denmark,Europe,1967,4838800.0
Denmark,Europe,1972,4991596.0
Denmark,Europe,1977,5088419.0
Denmark,Europe,1982,5117810.0
Denmark,Europe,1987,5127024.0
Denmark,Europe,1992,5171393.0
Denmark,Europe,1997,5283663.0
Denmark,Europe,2002,5374693.0
Denmark,Europe,2007,5468120.0
Finland,Europe,1952,4090500.0
Finland,Europe,1957,4324000.0
Finland,Europe,1962,4491443.0
Finland,Europe,1967,4605744.0
Finland,Europe,1972,4639657.0
Finland,Europe,1977,4738902.0
Finland,Europe,1982,4826933.0
Finland,Europe,1987,4931729.0
Finland,Europe,1992,5041039.0
Finland,Europe,1997,5134406.0
Finland,Europe,2002,5193039.0
Finland,Europe,2007,5238460.0
France,Europe,1952,42459667.0
France,Europe,1957,44310863.0
France,Europe,1962,47124000.0
France,Europe,1967,49569000.0
France,Europe,1972,51732000.0
France,Europe,1977,53165019.0
France,Europe,1982,54433565.0
France,Europe,1987,55630100.0
France,Europe,1992,57374179.0
France,Europe,1997,58623428.0
France,Europe,2002,59925035.0
France,Europe,2007,61083916.0
Germany,Europe,1952,69145952.0
Germany,Europe,1957,71019069.0
Germany,Europe,1962,73739117.0
Germany,Europe,1967,76368453.0
Germany,Europe,1972,78717088.0
Germany,Europe,1977,78160773.0
Germany,Europe,1982,78335266.0
Germany,Europe,1987,77718298.0
Germany,Europe,1992,80597764.0
Germany,Europe,1997,82011073.0
Germany,Europe,2002,82350671.0
Germany,Europe,2007,82400996.0
Greece,Europe,1952,7733250.0
Greece,Europe,1957,8096218.0
Greece,Europe,1962,8448233.0
Greece,Europe,1967,8716441.0
Greece,Europe,1972,8888628.0
Greece,Europe,1977,9308479.0
Greece,Europe,1982,9786480.0
Greece,Europe,1987,9974490.0
Greece,Europe,1992,10325429.0
Greece,Europe,1997,10502372.0
Greece,Europe,2002,10603863.0
Greece,Europe,2007,10706290.0
Hungary,Europe,1952,9504000.0
Hungary,Europe,1957,9839000.0
Hungary,Europe,1962,10063000.0
Hungary,Europe,1967,10223422.0
Hungary,Europe,1972,10394091.0
Hungary,Europe,1977,10637171.0
Hungary,Europe,1982,10705535.0
Hungary,Europe,1987,10612740.0
Hungary,Europe,1992,10348684.0
Hungary,Europe,1997,10244684.0
Hungary,Europe,2002,10083313.0
Hungary,Europe,2007,9956108.0
Iceland,Europe,1952,147962.0
Iceland,Europe,1957,165110.0
Iceland,Europe,1962,182053.0
Iceland,Europe,1967,198676.0
Iceland,Europe,1972,209275.0
Iceland,Europe,1977,221823.0
Iceland,Europe,1982,233997.0
Iceland,Europe,1987,244676.0
Iceland,Europe,1992,259012.0
Iceland,Europe,1997,271192.0
Iceland,Europe,2002,288030.0
Iceland,Europe,2007,301931.0
Ireland,Europe,1952,2952156.0
Ireland,Europe,1957,2878220.0
Ireland,Europe,1962,2830000.0
Ireland,Europe,1967,2900100.0
Ireland,Europe,1972,3024400.0
Ireland,Europe,1977,3271900.0
Ireland,Europe,1982,3480000.0
Ireland,Europe,1987,3539900.0
Ireland,Europe,1992,3557761.0
Ireland,Europe,1997,3667233.0
Ireland,Europe,2002,3879155.0
Ireland,Europe,2007,4109086.0
Italy,Europe,1952,47666000.0
Italy,Europe,1957,49182000.0
Italy,Europe,1962,50843200.0
Italy,Europe,1967,52667100.0
Italy,Europe,1972,54365564.0
Italy,Europe,1977,56059245.0
Italy,Europe,1982,56535636.0
Italy,Europe,1987,56729703.0
Italy,Europe,1992,56840847.0
Italy,Europe,1997,57479469.0
Italy,Europe,2002,57926999.0
Italy,Europe,2007,58147733.0
Montenegro,Europe,1952,413834.0
Montenegro,Europe,1957,442829.0
Montenegro,Europe,1962,474528.0
Montenegro,Europe,1967,501035.0
Montenegro,Europe,1972,527678.0
Montenegro,Europe,1977,560073.0
Montenegro,Europe,1982,562548.0
Montenegro,Europe,1987,569473.0
Montenegro,Europe,1992,621621.0
Montenegro,Europe,1997,692651.0
Montenegro,Europe,2002,720230.0
Montenegro,Europe,2007,684736.0
Netherlands,Europe,1952,10381988.0
Netherlands,Europe,1957,11026383.0
Netherlands,Europe,1962,11805689.0
Netherlands,Europe,1967,12596822.0
Netherlands,Europe,1972,13329874.0
Netherlands,Europe,1977,13852989.0
Netherlands,Europe,1982,14310401.0
Netherlands,Europe,1987,14665278.0
Netherlands,Europe,1992,15174244.0
Netherlands,Europe,1997,15604464.0
Netherlands,Europe,2002,16122830.0
Netherlands,Europe,2007,16570613.0
Norway,Europe,1952,3327728.0
Norway,Europe,1957,3491938.0
Norway,Europe,1962,3638919.0
Norway,Europe,1967,3786019.0
Norway,Europe,1972,3933004.0
Norway,Europe,1977,4043205.0
Norway,Europe,1982,4114787.0
Norway,Europe,1987,4186147.0
Norway,Europe,1992,4286357.0
Norway,Europe,1997,4405672.0
Norway,Europe,2002,4535591.0
Norway,Europe,2007,4627926.0
Poland,Europe,1952,25730551.0
Poland,Europe,1957,28235346.0
Poland,Europe,1962,30329617.0
Poland,Europe,1967,31785378.0
Poland,Europe,1972,33039545.0
Poland,Europe,1977,34621254.0
Poland,Europe,1982,36227381.0
Poland,Europe,1987,37740710.0
Poland,Europe,1992,38370697.0
Poland,Europe,1997,38654957.0
Poland,Europe,2002,38625976.0
Poland,Europe,2007,38518241.0
Portugal,Europe,1952,8526050.0
Portugal,Europe,1957,8817650.0
Portugal,Europe,1962,9019800.0
Portugal,Europe,1967,9103000.0
Portugal,Europe,1972,8970450.0
Portugal,Europe,1977,9662600.0
Portugal,Europe,1982,9859650.0
Portugal,Europe,1987,9915289.0
Portugal,Europe,1992,9927680.0
Portugal,Europe,1997,10156415.0
Portugal,Europe,2002,10433867.0
Portugal,Europe,2007,10642836.0
Romania,Europe,1952,16630000.0
Romania,Europe,1957,17829327.0
Romania,Europe,1962,18680721.0
Romania,Europe,1967,19284814.0
Romania,Europe,1972,20662648.0
Romania,Europe,1977,21658597.0
Romania,Europe,1982,22356726.0
Romania,Europe,1987,22686371.0
Romania,Europe,1992,22797027.0
Romania,Europe,1997,22562458.0
Romania,Europe,2002,22404337.0
Romania,Europe,2007,22276056.0
Serbia,Europe,1952,6860147.0
Serbia,Europe,1957,7271135.0
Serbia,Europe,1962,7616060.0
Serbia,Europe,1967,7971222.0
Serbia,Europe,1972,8313288.0
Serbia,Europe,1977,8686367.0
Serbia,Europe,1982,9032824.0
Serbia,Europe,1987,9230783.0
Serbia,Europe,1992,9826397.0
Serbia,Europe,1997,10336594.0
Serbia,Europe,2002,10111559.0
Serbia,Europe,2007,10150265.0
Slovak Republic,Europe,1952,3558137.0
Slovak Republic,Europe,1957,3844277.0
Slovak Republic,Europe,1962,4237384.0
Slovak Republic,Europe,1967,4442238.0
Slovak Republic,Europe,1972,4593433.0
Slovak Republic,Europe,1977,4827803.0
Slovak Republic,Europe,1982,5048043.0
Slovak Republic,Europe,1987,5199318.0
Slovak Republic,Europe,1992,5302888.0
Slovak Republic,Europe,1997,5383010.0
Slovak Republic,Europe,2002,5410052.0
Slovak Republic,Europe,2007,5447502.0
Slovenia,Europe,1952,1489518.0
Slovenia,Europe,1957,1533070.0
Slovenia,Europe,1962,1582962.0
Slovenia,Europe,1967,1646912.0
Slovenia,Europe,1972,1694510.0
Slovenia,Europe,1977,1746919.0
Slovenia,Europe,1982,1861252.0
Slovenia,Europe,1987,1945870.0
Slovenia,Europe,1992,1999210.0
Slovenia,Europe,1997,2011612.0
Slovenia,Europe,2002,2011497.0
Slovenia,Europe,2007,2009245.0
Spain,Europe,1952,28549870.0
Spain,Europe,1957,29841614.0
Spain,Europe,1962,31158061.0
Spain,Europe,1967,32850275.0
Spain,Europe,1972,34513161.0
Spain,Europe,1977,36439000.0
Spain,Europe,1982,37983310.0
Spain,Europe,1987,38880702.0
Spain,Europe,1992,39549438.0
Spain,Europe,1997,39855442.0
Spain,Europe,2002,40152517.0
Spain,Europe,2007,40448191.0
Sweden,Europe,1952,7124673.0
Sweden,Europe,1957,7363802.0
Sweden,Europe,1962,7561588.0
Sweden,Europe,1967,7867931.0
Sweden,Europe,1972,8122293.0
Sweden,Europe,1977,8251648.0
Sweden,Europe,1982,8325260.0
Sweden,Europe,1987,8421403.0
Sweden,Europe,1992,8718867.0
Sweden,Europe,1997,8897619.0
Sweden,Europe,2002,8954175.0
Sweden,Europe,2007,9031088.0
Switzerland,Europe,1952,4815000.0
Switzerland,Europe,1957,5126000.0
Switzerland,Europe,1962,5666000.0
Switzerland,Europe,1967,6063000.0
Switzerland,Europe,1972,6401400.0
Switzerland,Europe,1977,6316424.0
Switzerland,Europe,1982,6468126.0
Switzerland,Europe,1987,6649942.0
Switzerland,Europe,1992,6995447.0
Switzerland,Europe,1997,7193761.0
Switzerland,Europe,2002,7361757.0
Switzerland,Europe,2007,7554661.0
Turkey,Europe,1952,22235677.0
Turkey,Europe,1957,25670939.0
Turkey,Europe,1962,29788695.0
Turkey,Europe,1967,33411317.0
Turkey,Europe,1972,37492953.0
Turkey,Europe,1977,42404033.0
Turkey,Europe,1982,47328791.0
Turkey,Europe,1987,52881328.0
Turkey,Europe,1992,58179144.0
Turkey,Europe,1997,63047647.0
Turkey,Europe,2002,67308928.0
Turkey,Europe,2007,71158647.0
United Kingdom,Europe,1952,50430000.0
United Kingdom,Europe,1957,51430000.0
United Kingdom,Europe,1962,53292000.0
United Kingdom,Europe,1967,54959000.0
United Kingdom,Europe,1972,56079000.0
United Kingdom,Europe,1977,56179000.0
United Kingdom,Europe,1982,56339704.0
United Kingdom,Europe,1987,56981620.0
United Kingdom,Europe,1992,57866349.0
United Kingdom,Europe,1997,58808266.0
United Kingdom,Europe,2002,59912431.0
United Kingdom,Europe,2007,60776238.0
Australia,Oceania,1952,8691212.0
Australia,Oceania,1957,9712569.0
Australia,Oceania,1962,10794968.0
Australia,Oceania,1967,11872264.0
Australia,Oceania,1972,13177000.0
Australia,Oceania,1977,14074100.0
Australia,Oceania,1982,15184200.0
Australia,Oceania,1987,16257249.0
Australia,Oceania,1992,17481977.0
Australia,Oceania,1997,18565243.0
Australia,Oceania,2002,19546792.0
Australia,Oceania,2007,20434176.0
New Zealand,Oceania,1952,1994794.0
New Zealand,Oceania,1957,2229407.0
New Zealand,Oceania,1962,2488550.0
New Zealand,Oceania,1967,2728150.0
New Zealand,Oceania,1972,2929100.0
New Zealand,Oceania,1977,3164900.0
New Zealand,Oceania,1982,3210650.0
New Zealand,Oceania,1987,3317166.0
New Zealand,Oceania,1992,3437674.0
New Zealand,Oceania,1997,3676187.0
New Zealand,Oceania,2002,3908037.0
New Zealand,Oceania,2007,4115771.0
